<?xml version="1.0" encoding="UTF-8"?>
<project-private xmlns="http://www.netbeans.org/ns/project-private/1">
    <editor-bookmarks xmlns="http://www.netbeans.org/ns/editor-bookmarks/2" lastBookmarkId="0"/>
    <open-files xmlns="http://www.netbeans.org/ns/projectui-open-files/2">
        <group>
            <file>file:/D:/Maryam/CS311_FinalProject/JavaCafe/src/javacafe/Customer.java</file>
            <file>file:/D:/Maryam/CS311_FinalProject/JavaCafe/src/javacafe/Employee.java</file>
            <file>file:/D:/Maryam/CS311_FinalProject/JavaCafe/src/javacafe/Items.java</file>
            <file>file:/D:/Maryam/CS311_FinalProject/JavaCafe/src/javacafe/Menu.java</file>
            <file>file:/D:/Maryam/CS311_FinalProject/JavaCafe/src/javacafe/Staff.java</file>
            <file>file:/D:/Maryam/CS311_FinalProject/JavaCafe/src/javacafe/Bakery.java</file>
            <file>file:/D:/Maryam/CS311_FinalProject/JavaCafe/src/javacafe/Coffee.java</file>
            <file>file:/D:/Maryam/CS311_FinalProject/JavaCafe/src/javacafe/JavaCafe.java</file>
        </group>
    </open-files>
</project-private>
